id,itempool_treasure,itempool_angel,itempool_devil,itempool_shop,itempool_boss,itempool_secret,itempool_curse,quality_0,quality_1,quality_2,quality_3,quality_4,transformation_progress,release_rebirth,release_afterbirth,release_afterbirth_plus,release_repentance,unlock_always
1,True,False,False,False,False,False,False,False,False,False,True,False,False,True,False,False,False,True
2,True,False,False,False,False,False,False,False,False,False,True,False,False,True,False,False,False,True
3,True,False,False,False,False,False,False,False,False,False,True,False,False,True,False,False,False,True
4,True,False,False,False,False,False,False,False,False,False,False,True,False,True,False,False,False,True
5,True,False,False,False,False,False,False,False,False,False,True,False,False,True,False,False,False,True
6,True,False,False,False,False,False,False,False,False,True,False,False,False,True,False,False,False,True
7,True,True,False,False,False,False,False,False,False,False,True,False,False,True,False,False,False,True
8,True,False,False,False,False,False,False,False,True,False,False,False,True,True,False,False,False,True
9,False,False,False,False,False,False,False,True,False,False,False,False,True,True,False,False,False,True
10,True,False,False,False,False,False,False,False,False,True,False,False,True,True,False,False,False,True
11,False,False,False,False,False,True,False,False,False,True,False,False,True,True,False,False,False,True
12,True,False,False,False,False,False,False,False,False,False,False,True,True,True,False,False,False,True
13,True,False,False,False,False,False,False,False,False,True,False,False,True,True,False,False,False,True
14,True,False,False,False,True,False,False,False,False,True,False,False,True,True,False,False,False,True
15,True,False,False,False,False,False,False,False,False,True,False,False,False,True,False,False,False,True
16,False,False,False,False,False,True,False,False,False,True,False,False,False,True,False,False,False,True
17,True,False,False,False,False,True,False,False,False,True,False,False,False,True,False,False,False,True
18,False,False,False,False,False,False,False,False,False,False,True,False,False,True,False,False,False,True
19,True,False,False,False,False,False,False,True,False,False,False,False,False,True,False,False,False,True
20,False,False,False,False,False,True,False,False,False,True,False,False,False,True,False,False,False,False
21,False,False,False,True,False,False,False,False,True,False,False,False,False,True,False,False,False,True
22,False,False,False,False,True,False,False,False,True,False,False,False,False,True,False,False,False,True
23,False,False,False,False,True,False,False,False,True,False,False,False,False,True,False,False,False,True
24,False,False,False,False,True,False,False,False,True,False,False,False,False,True,False,False,False,True
25,False,False,False,False,True,False,False,False,True,False,False,False,False,True,False,False,False,True
26,False,False,False,False,True,False,False,False,True,False,False,False,False,True,False,False,False,True
27,False,False,False,False,True,False,False,False,True,False,False,False,False,True,False,False,False,True
28,False,False,False,False,True,False,False,False,True,False,False,False,False,True,False,False,False,True
29,False,False,False,False,True,False,False,False,True,False,False,False,True,True,False,False,False,True
30,False,False,False,False,True,False,False,False,True,False,False,False,True,True,False,False,False,True
31,False,False,False,False,True,False,False,False,True,False,False,False,True,True,False,False,False,True
32,False,False,False,False,True,False,False,False,False,False,True,False,False,True,False,False,False,False
33,False,True,False,True,False,False,False,False,True,False,False,False,True,True,False,False,False,True
34,False,False,True,False,False,False,False,False,False,True,False,False,True,True,False,False,False,True
35,False,False,True,False,False,True,False,True,False,False,False,False,True,True,False,False,False,False
36,True,False,False,False,False,False,False,True,False,False,False,False,True,True,False,False,False,True
37,True,False,False,False,False,False,False,False,True,False,False,False,False,True,False,False,False,True
38,True,False,False,False,False,False,False,False,True,False,False,False,False,True,False,False,False,True
39,True,False,False,False,False,False,False,True,False,False,False,False,True,True,False,False,False,True
40,True,False,False,False,False,False,False,True,False,False,False,False,False,True,False,False,False,True
41,True,False,False,False,False,False,False,True,False,False,False,False,True,True,False,False,False,True
42,True,False,False,False,False,False,False,False,True,False,False,False,True,True,False,False,False,True
44,True,False,False,False,False,False,False,True,False,False,False,False,False,True,False,False,False,True
45,True,False,False,False,False,False,False,False,True,False,False,False,False,True,False,False,False,True
46,True,False,False,False,False,False,False,False,False,True,False,False,False,True,False,False,False,True
47,True,False,False,False,False,False,False,False,True,False,False,False,False,True,False,False,False,True
48,True,False,False,False,False,False,False,False,False,True,False,False,False,True,False,False,False,True
49,True,False,False,False,False,False,False,False,False,True,False,False,False,True,False,False,False,True
50,False,False,False,False,False,False,False,False,False,False,True,False,False,True,False,False,False,True
51,False,False,True,False,True,False,True,False,False,False,True,False,True,True,False,False,False,True
52,True,False,False,False,False,False,False,False,False,False,False,True,False,True,False,False,False,False
53,True,False,False,False,False,False,False,False,True,False,False,False,False,True,False,False,False,True
54,False,False,False,True,False,False,False,False,True,False,False,False,False,True,False,False,False,True
55,True,False,False,False,False,False,False,False,True,False,False,False,True,True,False,False,False,True
56,True,False,False,False,False,False,False,True,False,False,False,False,False,True,False,False,False,True
57,True,False,False,False,False,False,False,False,True,False,False,False,True,True,False,False,False,True
58,True,False,False,False,False,False,False,False,False,False,True,False,True,True,False,False,False,True
60,False,False,False,True,False,False,False,False,True,False,False,False,False,True,False,False,False,True
62,True,False,False,False,False,False,False,False,False,True,False,False,False,True,False,False,False,True
63,False,False,False,True,False,False,False,False,False,True,False,False,False,True,False,False,False,True
64,False,False,False,True,False,False,False,False,False,True,False,False,False,True,False,False,False,True
65,True,False,False,False,False,False,False,True,False,False,False,False,True,True,False,False,False,True
66,True,False,False,False,False,False,False,True,False,False,False,False,False,True,False,False,False,True
67,True,False,False,False,False,False,False,False,True,False,False,False,True,True,False,False,False,True
68,True,False,False,False,False,False,False,False,False,False,True,False,False,True,False,False,False,True
69,True,False,False,False,False,False,False,False,False,False,True,False,False,True,False,False,False,True
70,False,False,False,False,True,False,False,False,False,False,True,False,True,True,False,False,False,True
71,True,False,False,False,False,False,False,False,False,True,False,False,True,True,False,False,False,True
72,True,True,False,False,False,False,False,False,False,True,False,False,True,True,False,False,False,True
73,False,False,False,False,False,False,False,False,True,False,False,False,False,True,False,False,False,False
74,False,False,True,False,False,False,False,True,False,False,False,False,False,True,False,False,False,False
75,True,False,False,True,False,False,False,False,False,True,False,False,False,True,False,False,False,True
76,True,False,False,False,False,False,False,False,False,True,False,False,False,True,False,False,False,True
77,True,False,False,False,False,False,False,False,True,False,False,False,False,True,False,False,False,True
78,True,True,False,False,False,False,False,False,False,False,True,False,True,True,False,False,False,False
79,False,False,True,False,False,False,True,False,False,False,True,False,True,True,False,False,False,True
80,False,False,True,False,False,False,True,False,False,False,True,False,True,True,False,False,False,True
81,False,False,True,False,False,False,True,False,False,False,True,False,True,True,False,False,False,True
82,False,False,True,False,False,False,False,False,False,False,True,False,True,True,False,False,False,True
83,False,False,True,False,False,False,False,False,False,True,False,False,True,True,False,False,False,False
84,False,False,True,False,False,True,False,False,False,True,False,False,False,True,False,False,False,True
85,True,False,False,True,False,False,False,False,False,True,False,False,False,True,False,False,False,True
86,True,False,False,False,False,False,False,True,False,False,False,False,False,True,False,False,False,False
87,True,False,False,False,False,False,False,False,True,False,False,False,False,True,False,False,False,False
88,True,False,False,False,False,False,False,False,True,False,False,False,False,True,False,False,False,False
89,True,False,False,False,False,False,False,False,False,True,False,False,True,True,False,False,False,True
90,False,False,False,False,False,False,False,False,False,False,True,False,False,True,False,False,False,False
91,True,False,False,False,False,False,False,False,False,True,False,False,False,True,False,False,False,True
92,True,False,False,False,True,False,False,False,False,True,False,False,False,True,False,False,False,False
93,True,False,False,False,False,False,False,False,True,False,False,False,False,True,False,False,False,False
94,True,False,False,False,False,False,False,False,True,False,False,False,False,True,False,False,False,False
95,True,False,False,False,False,False,False,False,True,False,False,False,True,True,False,False,False,True
96,True,False,False,False,False,False,False,False,False,True,False,False,False,True,False,False,False,False
97,True,False,True,False,False,False,False,False,True,False,False,False,True,True,False,False,False,False
98,True,True,False,False,False,False,False,False,False,False,True,False,False,True,False,False,False,False
99,True,False,False,False,False,False,False,False,True,False,False,False,False,True,False,False,False,False
100,True,False,False,False,False,False,False,False,False,True,False,False,True,True,False,False,False,False
101,True,True,False,False,False,False,False,False,False,False,True,False,True,True,False,False,False,False
102,True,False,False,True,False,False,False,False,True,False,False,False,True,True,False,False,False,True
103,True,False,False,False,False,False,False,False,True,False,False,False,False,True,False,False,False,True
104,True,False,False,False,False,False,False,False,False,False,True,False,False,True,False,False,False,False
105,True,False,False,False,False,False,False,False,False,False,False,True,False,True,False,False,False,False
106,True,False,False,False,False,False,False,False,False,True,False,False,False,True,False,False,False,False
107,True,False,False,False,False,False,False,False,False,True,False,False,False,True,False,False,False,True
108,True,True,False,False,False,False,False,False,False,False,False,True,False,True,False,False,False,True
109,True,False,True,False,False,False,False,False,False,False,True,False,False,True,False,False,False,True
110,True,False,False,False,False,False,False,False,False,False,True,False,True,True,False,False,False,False
111,True,False,False,False,False,False,False,True,False,False,False,False,False,True,False,False,False,True
112,False,True,False,False,False,False,False,False,True,False,False,False,True,True,False,False,False,False
113,True,False,True,False,False,False,False,False,True,False,False,False,True,True,False,False,False,False
114,True,False,True,False,False,False,False,False,False,False,False,True,True,True,False,False,False,False
115,True,False,True,False,False,False,False,False,False,True,False,False,False,True,False,False,False,True
116,False,False,False,True,False,False,False,False,False,True,False,False,False,True,False,False,False,True
117,True,False,False,False,False,False,False,True,False,False,False,False,False,True,False,False,False,True
118,False,False,True,False,False,False,False,False,False,False,False,True,True,True,False,False,False,True
119,False,False,False,False,False,False,False,False,False,True,False,False,False,True,False,False,False,False
120,True,False,False,False,False,True,False,False,False,True,False,False,True,True,False,False,False,True
121,True,False,False,False,False,True,False,False,False,True,False,False,True,True,False,False,False,True
122,False,False,True,False,False,False,False,False,False,True,False,False,False,True,False,False,False,True
123,True,False,True,False,False,False,False,False,True,False,False,False,True,True,False,False,False,True
124,True,True,False,False,False,False,False,False,True,False,False,False,False,True,False,False,False,True
125,True,False,False,False,False,False,False,False,True,False,False,False,False,True,False,False,False,True
126,True,False,False,False,False,False,True,True,False,False,False,False,False,True,False,False,False,False
127,True,False,True,False,False,True,False,False,False,False,True,False,False,True,False,False,False,False
128,True,False,False,False,False,False,False,False,True,False,False,False,True,True,False,False,False,True
129,True,False,False,False,False,False,False,False,True,False,False,False,False,True,False,False,False,True
130,False,False,False,False,False,False,False,False,False,True,False,False,False,True,False,False,False,True
131,True,False,False,False,False,False,False,False,True,False,False,False,False,True,False,False,False,False
132,False,False,False,False,False,False,False,False,False,False,True,False,False,True,False,False,False,True
133,False,False,True,False,False,False,True,False,False,False,True,False,True,True,False,False,False,True
134,False,False,True,False,False,False,True,False,False,True,False,False,True,True,False,False,False,True
135,False,False,False,False,False,False,False,False,False,True,False,False,False,True,False,False,False,True
136,True,False,False,False,False,False,False,True,False,False,False,False,False,True,False,False,False,True
137,True,False,False,True,False,False,False,True,False,False,False,False,False,True,False,False,False,True
138,True,True,False,False,False,False,False,False,False,True,False,False,False,True,False,False,False,True
139,False,False,False,True,False,False,False,False,False,True,False,False,True,True,False,False,False,True
140,True,False,False,False,False,False,False,False,True,False,False,False,True,True,False,False,False,True
141,False,False,False,False,True,False,False,True,False,False,False,False,False,True,False,False,False,True
142,True,True,False,False,False,False,False,False,False,True,False,False,True,True,False,False,False,True
143,True,False,False,False,True,False,False,False,False,True,False,False,True,True,False,False,False,True
144,True,False,False,False,False,False,False,False,True,False,False,False,False,True,False,False,False,True
145,False,False,True,False,False,False,True,False,False,True,False,False,True,True,False,False,False,True
146,True,True,False,False,False,False,False,False,False,False,True,False,False,True,False,False,False,True
147,False,False,False,True,False,False,False,False,True,False,False,False,False,True,False,False,False,True
148,True,False,False,False,False,False,False,True,False,False,False,False,True,True,False,False,False,True
149,True,False,False,False,False,False,False,False,False,False,False,True,True,True,False,False,False,False
150,True,False,False,False,False,False,False,False,False,False,True,False,False,True,False,False,False,True
151,True,False,False,False,False,False,False,False,False,False,True,False,True,True,False,False,False,True
152,True,False,False,False,False,False,False,False,False,True,False,False,False,True,False,False,False,True
153,True,False,False,False,False,False,False,False,False,False,True,False,True,True,False,False,False,True
154,True,False,False,False,False,False,False,False,False,True,False,False,False,True,False,False,False,True
155,True,False,False,False,False,False,False,False,False,True,False,False,False,True,False,False,False,True
156,False,True,False,True,False,False,False,False,False,True,False,False,False,True,False,False,False,True
157,True,False,True,False,False,False,False,False,False,True,False,False,False,True,False,False,False,False
158,False,False,False,False,False,False,False,False,False,False,True,False,False,True,False,False,False,True
159,False,False,True,False,False,False,False,False,False,False,True,False,True,True,False,False,False,True
160,True,False,False,False,False,False,False,False,True,False,False,False,False,True,False,False,False,True
161,True,False,False,False,False,False,False,True,False,False,False,False,False,True,False,False,False,True
162,True,True,False,False,False,False,False,False,True,False,False,False,True,True,False,False,False,False
163,True,False,True,False,False,False,False,False,True,False,False,False,True,True,False,False,False,True
164,False,False,False,True,False,False,False,False,False,True,False,False,False,True,False,False,False,False
165,False,False,False,False,True,False,False,False,False,False,True,False,False,True,False,False,False,True
166,True,False,False,False,False,False,False,False,False,True,False,False,False,True,False,False,False,False
167,True,False,False,False,False,False,False,False,True,False,False,False,True,True,False,False,False,True
168,True,False,False,False,False,True,False,False,False,False,False,True,False,True,False,False,False,False
169,True,False,False,False,False,False,False,False,False,False,False,True,False,True,False,False,False,True
170,True,False,False,False,False,False,False,False,False,False,True,False,True,True,False,False,False,True
171,True,False,False,False,False,False,False,False,True,False,False,False,True,True,False,False,False,True
172,True,False,True,False,False,False,False,False,False,True,False,False,False,True,False,False,False,False
173,True,True,False,False,False,False,False,False,False,False,True,False,True,True,False,False,False,True
174,True,False,False,False,False,False,False,False,True,False,False,False,True,True,False,False,False,True
175,True,False,False,False,False,False,False,False,False,True,False,False,False,True,False,False,False,False
176,True,False,False,False,True,False,False,False,True,False,False,False,False,True,False,False,False,True
177,False,False,False,False,False,False,False,True,False,False,False,False,False,True,False,False,False,True
178,True,True,False,False,False,False,False,False,False,False,True,False,False,True,False,False,False,True
179,False,False,False,False,False,False,False,False,False,False,True,False,False,True,False,False,False,False
180,True,False,False,False,False,False,False,True,False,False,False,False,False,True,False,False,False,True
181,False,False,False,False,False,False,False,False,False,False,True,False,False,True,False,False,False,True
182,False,True,False,False,False,False,False,False,False,False,False,True,True,True,False,False,False,True
183,False,False,False,False,True,False,False,False,False,False,True,False,False,True,False,False,False,True
184,False,True,False,False,False,False,False,False,False,False,True,False,True,True,False,False,False,True
185,False,True,False,False,False,False,False,False,False,False,True,False,True,True,False,False,False,True
186,True,False,True,False,False,False,False,True,False,False,False,False,False,True,False,False,False,False
187,False,False,True,False,False,False,False,False,True,False,False,False,True,True,False,False,False,False
188,True,False,False,False,False,False,False,True,False,False,False,False,True,True,False,False,False,False
189,True,False,False,False,False,False,False,False,False,False,True,False,False,True,False,False,False,False
190,True,False,False,False,False,True,False,False,False,False,True,False,False,True,False,False,False,True
191,True,False,False,False,False,False,False,False,False,True,False,False,False,True,False,False,False,True
192,True,False,False,False,False,False,False,False,True,False,False,False,True,True,False,False,False,True
193,False,False,False,False,True,False,False,False,False,True,False,False,False,True,False,False,False,True
194,False,False,False,False,True,False,False,False,True,False,False,False,False,True,False,False,False,True
195,False,False,False,True,True,False,False,True,False,False,False,False,True,True,False,False,False,True
196,False,False,False,False,True,False,False,False,False,False,True,False,False,True,False,False,False,True
197,False,True,False,False,True,False,False,False,False,True,False,False,False,True,False,False,False,True
198,False,False,False,False,True,False,False,True,False,False,False,False,False,True,False,False,False,True
199,False,False,False,True,False,False,False,False,False,False,True,False,True,True,False,False,False,True
200,True,False,False,False,False,False,False,False,True,False,False,False,True,True,False,False,False,True
201,True,False,False,False,False,False,False,False,False,True,False,False,False,True,False,False,False,True
202,True,False,False,False,False,False,False,False,True,False,False,False,False,True,False,False,False,True
203,False,False,False,True,False,False,False,False,False,False,True,False,False,True,False,False,False,True
204,False,False,False,True,False,False,False,False,True,False,False,False,False,True,False,False,False,True
205,False,False,False,True,False,False,False,False,False,True,False,False,False,True,False,False,False,True
206,True,False,False,False,False,False,False,True,False,False,False,False,False,True,False,False,False,False
207,False,False,False,False,False,False,False,False,True,False,False,False,False,True,False,False,False,False
208,False,False,False,True,False,False,False,False,False,False,True,False,False,True,False,False,False,True
209,True,False,False,False,False,False,False,False,True,False,False,False,True,True,False,False,False,True
210,True,False,False,False,False,False,False,False,True,False,False,False,False,True,False,False,False,True
211,True,False,False,False,False,False,False,True,False,False,False,False,True,True,False,False,False,True
212,False,False,True,False,False,False,True,False,True,False,False,False,True,True,False,False,False,True
213,True,False,False,False,False,True,False,False,False,True,False,False,False,True,False,False,False,True
214,True,False,False,False,False,False,False,False,True,False,False,False,False,True,False,False,False,True
215,False,False,True,False,False,False,True,False,False,False,True,False,False,True,False,False,False,True
216,False,False,True,False,False,False,True,False,False,False,True,False,False,True,False,False,False,True
217,True,False,False,False,False,False,False,False,False,True,False,False,True,True,False,False,False,True
218,False,False,False,False,True,False,False,False,False,True,False,False,False,True,False,False,False,True
219,False,False,False,False,True,False,False,False,False,True,False,False,False,True,False,False,False,True
220,True,False,False,False,False,False,False,False,False,True,False,False,False,True,False,False,False,True
221,True,False,False,False,False,False,False,False,False,False,True,False,False,True,False,False,False,False
222,True,False,False,False,False,False,False,False,True,False,False,False,False,True,False,False,False,True
223,True,False,False,False,False,False,False,False,False,False,False,True,False,True,False,False,False,True
224,True,False,False,False,False,False,False,False,False,False,True,False,False,True,False,False,False,True
225,True,False,True,False,False,False,True,False,False,True,False,False,False,True,False,False,False,True
226,False,False,False,False,False,True,False,False,False,True,False,False,False,True,False,False,False,True
227,True,False,False,True,False,False,False,False,True,False,False,False,False,True,False,False,False,True
228,True,False,False,False,False,False,False,False,False,True,False,False,True,True,False,False,False,True
229,True,False,False,False,False,False,False,False,False,True,False,False,False,True,False,False,False,True
230,False,False,True,False,False,False,False,False,False,False,True,False,True,True,False,False,False,False
231,True,False,False,False,False,False,False,False,False,True,False,False,False,True,False,False,False,True
232,False,False,False,True,False,False,False,False,False,False,False,True,False,True,False,False,False,False
233,True,False,False,False,False,False,False,True,False,False,False,False,False,True,False,False,False,True
234,True,False,False,False,False,False,False,False,False,False,True,False,True,True,False,False,False,True
236,True,False,False,False,False,False,False,True,False,False,False,False,True,True,False,False,False,True
237,True,False,True,False,False,False,False,False,False,False,True,False,False,True,False,False,False,False
238,False,False,False,False,False,False,False,True,False,False,False,False,False,True,False,False,False,True
239,False,False,False,False,False,False,False,True,False,False,False,False,False,True,False,False,False,True
240,True,False,False,False,True,False,False,False,True,False,False,False,True,True,False,False,False,False
241,False,False,True,False,False,False,True,False,False,True,False,False,False,True,False,False,False,True
242,True,False,False,False,False,True,False,False,False,True,False,False,False,True,False,False,False,True
243,False,True,False,False,False,False,False,False,False,True,False,False,False,True,False,False,False,True
244,True,False,False,False,False,False,False,False,False,False,True,False,False,True,False,False,False,False
245,True,False,False,False,False,False,False,False,False,False,False,True,False,True,False,False,False,True
246,False,False,False,True,False,False,False,False,True,False,False,False,False,True,False,False,False,False
247,False,False,False,True,False,False,False,False,False,True,False,False,False,True,False,False,False,True
248,False,False,False,True,False,False,False,False,False,True,False,False,True,True,False,False,False,True
249,False,False,False,True,False,False,False,False,False,False,True,False,False,True,False,False,False,False
250,False,False,False,True,False,False,False,False,True,False,False,False,False,True,False,False,False,True
251,False,False,False,True,False,False,False,False,False,True,False,False,False,True,False,False,False,True
252,False,False,False,True,False,False,False,True,False,False,False,False,False,True,False,False,False,False
253,False,False,False,False,True,False,False,False,False,True,False,False,False,True,False,False,False,True
254,False,False,False,False,True,False,False,False,False,True,False,False,False,True,False,False,False,True
255,False,False,False,False,True,False,False,False,False,True,False,False,False,True,False,False,False,True
256,True,False,False,False,False,False,False,False,True,False,False,False,False,True,False,False,False,True
257,True,False,False,False,False,False,False,False,False,True,False,False,False,True,False,False,False,True
258,False,False,False,False,False,True,False,True,False,False,False,False,False,True,False,False,False,False
259,False,False,True,False,False,False,False,False,False,False,True,False,False,True,False,False,False,True
260,False,False,False,True,False,False,True,False,False,False,True,False,False,True,False,False,False,False
261,True,False,False,False,False,False,False,False,False,False,True,False,False,True,False,False,False,True
262,False,False,True,False,False,True,False,True,False,False,False,False,False,True,False,False,False,True
263,False,False,False,False,False,True,False,False,False,True,False,False,False,False,False,False,True,False
264,True,False,False,False,False,False,False,False,True,False,False,False,True,True,False,False,False,True
265,True,False,True,False,False,False,False,False,False,False,True,False,True,True,False,False,False,True
266,True,False,False,False,False,False,False,False,False,True,False,False,True,True,False,False,False,True
267,True,False,False,False,False,False,False,False,True,False,False,False,True,True,False,False,False,False
268,True,False,True,False,False,False,False,False,False,False,True,False,True,True,False,False,False,True
269,True,False,True,False,False,False,False,False,True,False,False,False,True,True,False,False,False,True
270,True,False,False,False,False,False,False,False,False,True,False,False,False,True,False,False,False,True
271,True,False,False,False,False,True,False,False,False,True,False,False,False,True,False,False,False,False
272,True,False,False,False,False,False,False,True,False,False,False,False,True,True,False,False,False,True
273,True,False,False,False,False,False,False,True,False,False,False,False,True,True,False,False,False,True
274,True,False,False,False,False,False,False,True,False,False,False,False,True,True,False,False,False,True
275,True,False,True,False,False,False,False,False,False,True,False,False,True,True,False,False,False,True
276,True,False,False,False,False,False,False,True,False,False,False,False,False,True,False,False,False,False
277,True,False,False,False,False,False,False,False,True,False,False,False,False,True,False,False,False,True
278,True,False,True,False,False,False,False,False,False,False,True,False,False,True,False,False,False,True
279,True,False,False,False,False,False,False,False,True,False,False,False,True,True,False,False,False,True
280,True,False,False,False,False,False,False,False,True,False,False,False,True,True,False,False,False,True
281,True,False,False,False,False,False,False,False,True,False,False,False,False,True,False,False,False,True
282,True,False,False,False,False,False,False,False,True,False,False,False,True,True,False,False,False,True
283,True,False,False,False,False,False,False,False,True,False,False,False,False,True,False,False,False,False
284,True,False,False,False,False,False,False,False,True,False,False,False,False,True,False,False,False,False
285,True,False,False,False,False,False,False,False,True,False,False,False,False,True,False,False,False,True
286,False,False,False,True,False,True,False,False,False,True,False,False,False,True,False,False,False,False
287,True,False,False,False,False,True,False,True,False,False,False,False,True,True,False,False,False,False
288,True,False,False,False,False,False,False,False,True,False,False,False,True,True,False,False,False,True
289,False,False,False,True,False,False,False,False,True,False,False,False,False,True,False,False,False,False
290,False,False,False,True,False,False,False,True,False,False,False,False,False,True,False,False,False,True
291,True,False,False,False,False,False,False,False,True,False,False,False,True,True,False,False,False,True
292,True,False,True,False,False,False,False,False,False,False,True,False,True,True,False,False,False,False
293,False,False,False,False,False,False,False,False,True,False,False,False,False,True,False,False,False,False
294,True,False,False,False,False,False,False,True,False,False,False,False,False,True,False,False,False,False
295,True,False,False,True,False,False,False,True,False,False,False,False,False,True,False,False,False,True
296,False,False,False,True,False,False,False,False,True,False,False,False,False,True,False,False,False,True
297,False,False,False,True,False,False,False,False,False,True,False,False,False,True,False,False,False,False
298,True,False,False,False,False,False,False,False,True,False,False,False,False,True,False,False,False,True
299,True,False,False,False,False,False,False,False,True,False,False,False,False,True,False,False,False,True
300,True,False,False,False,False,False,False,False,False,True,False,False,False,True,False,False,False,True
301,True,False,False,False,False,False,False,False,False,False,True,False,False,True,False,False,False,True
302,True,False,False,False,False,False,False,False,True,False,False,False,False,True,False,False,False,True
303,True,False,False,False,False,False,False,False,False,True,False,False,False,True,False,False,False,True
304,True,False,False,False,False,False,False,False,True,False,False,False,False,True,False,False,False,True
305,True,False,False,False,False,False,False,False,False,False,True,False,False,True,False,False,False,True
306,True,False,False,False,False,False,False,False,False,False,True,False,False,True,False,False,False,True
307,True,False,False,False,False,False,False,False,False,False,True,False,False,True,False,False,False,True
308,True,False,False,False,False,False,False,False,False,True,False,False,False,True,False,False,False,True
309,True,False,False,False,False,False,False,False,False,True,False,False,False,True,False,False,False,True
310,True,False,False,False,False,False,False,False,False,False,True,False,False,True,False,False,False,False
311,False,False,True,False,False,False,False,False,False,False,True,False,False,True,False,False,False,False
312,True,False,False,False,False,False,False,False,False,True,False,False,False,True,False,False,False,False
313,True,True,False,False,False,False,False,False,False,False,False,True,True,True,False,False,False,True
314,True,False,False,False,False,False,False,False,True,False,False,False,False,True,False,False,False,True
315,True,False,False,False,False,False,False,True,False,False,False,False,False,True,False,False,False,True
316,True,False,False,False,False,True,False,True,False,False,False,False,False,True,False,False,False,True
317,True,False,False,False,False,False,False,False,False,False,True,False,False,True,False,False,False,True
318,True,False,False,False,False,False,False,False,True,False,False,False,False,True,False,False,False,True
319,True,False,False,False,False,False,False,False,False,True,False,False,False,True,False,False,False,False
320,True,False,False,False,False,False,False,False,True,False,False,False,True,True,False,False,False,False
321,True,False,False,False,False,True,False,False,True,False,False,False,False,True,False,False,False,False
322,True,False,False,False,False,False,False,False,False,True,False,False,True,True,False,False,False,True
323,True,False,False,False,False,False,False,False,True,False,False,False,False,True,False,False,False,False
324,True,False,False,False,False,False,False,False,True,False,False,False,False,True,False,False,False,False
325,True,False,False,False,False,False,False,True,False,False,False,False,False,True,False,False,False,False
326,False,True,False,False,False,False,False,False,True,False,False,False,False,True,False,False,False,True
327,False,False,False,False,False,False,False,False,False,True,False,False,False,True,False,False,False,False
328,False,False,False,False,False,False,False,False,False,True,False,False,False,True,False,False,False,False
329,True,False,False,False,False,False,False,False,True,False,False,False,False,True,False,False,False,True
330,True,False,False,False,False,False,False,False,False,True,False,False,False,True,False,False,False,True
331,False,True,False,False,False,False,False,False,False,False,False,True,True,True,False,False,False,False
332,True,True,False,False,False,False,False,False,True,False,False,False,False,True,False,False,False,False
333,True,True,False,False,False,False,False,False,False,False,True,False,False,True,False,False,False,False
334,True,True,False,False,False,False,False,False,False,False,True,False,False,True,False,False,False,False
335,True,True,False,False,False,False,False,False,False,False,True,False,False,True,False,False,False,False
336,True,False,False,False,False,False,False,False,False,True,False,False,False,True,False,False,False,True
337,False,False,False,True,False,False,False,False,True,False,False,False,False,True,False,False,False,True
338,False,False,False,True,False,False,False,False,True,False,False,False,False,True,False,False,False,True
339,False,False,False,False,True,False,False,False,True,False,False,False,False,True,False,False,False,True
340,False,False,False,False,True,False,False,False,True,False,False,False,False,True,False,False,False,True
341,False,False,False,False,True,False,False,False,False,False,True,False,False,True,False,False,False,True
342,False,False,False,False,True,False,False,False,False,False,True,False,True,True,False,False,False,True
343,False,False,False,False,True,False,False,False,True,False,False,False,False,True,False,False,False,True
344,False,False,False,False,True,False,False,False,True,False,False,False,False,True,False,False,False,True
345,False,False,False,False,True,False,False,False,False,False,True,False,True,True,False,False,False,True
346,False,False,False,False,True,False,False,False,True,False,False,False,False,True,False,False,False,True
347,False,False,False,True,False,False,False,False,False,False,True,False,False,False,True,False,False,True
348,False,False,False,True,False,True,False,False,True,False,False,False,False,False,True,False,False,True
349,False,False,False,True,False,False,False,False,True,False,False,False,False,False,True,False,False,False
350,True,False,False,False,False,False,False,False,False,False,True,False,False,False,True,False,False,True
351,True,False,False,False,False,False,False,False,True,False,False,False,False,False,True,False,False,True
352,True,False,False,False,False,False,False,False,True,False,False,False,False,False,True,False,False,True
353,True,False,False,False,False,False,False,False,False,True,False,False,False,False,True,False,False,True
354,False,False,False,False,True,False,False,False,False,True,False,False,False,False,True,False,False,True
355,False,False,False,False,True,False,False,False,False,True,False,False,True,False,True,False,False,True
356,False,False,False,True,False,False,False,False,False,False,True,False,False,False,True,False,False,True
357,False,False,False,True,False,False,False,False,True,False,False,False,False,False,True,False,False,False
358,True,False,False,False,False,False,False,True,False,False,False,False,False,False,True,False,False,True
359,True,False,False,False,False,False,False,False,False,False,True,False,False,False,True,False,False,True
360,False,False,True,False,False,False,False,False,False,False,False,True,True,False,True,False,False,False
361,True,False,False,False,False,False,False,False,False,True,False,False,False,False,True,False,False,False
362,True,False,False,False,False,False,False,False,False,True,False,False,False,False,True,False,False,False
363,False,True,False,False,False,False,False,False,False,True,False,False,True,False,True,False,False,False
364,True,False,False,False,False,False,False,False,True,False,False,False,True,False,True,False,False,True
365,True,False,False,False,False,False,False,False,False,True,False,False,True,False,True,False,False,True
366,True,False,False,False,False,False,False,False,True,False,False,False,False,False,True,False,False,True
367,True,False,False,False,False,False,False,False,True,False,False,False,True,False,True,False,False,True
368,True,False,False,False,False,False,False,False,True,False,False,False,False,False,True,False,False,True
369,True,False,False,False,False,False,False,False,False,True,False,False,False,False,True,False,False,True
370,False,False,False,False,True,False,False,False,False,False,True,False,False,False,True,False,False,True
371,True,False,False,False,False,False,True,True,False,False,False,False,False,False,True,False,False,True
372,False,False,False,True,False,False,False,False,False,True,False,False,False,False,True,False,False,True
373,True,False,False,False,False,False,False,False,False,False,True,False,False,False,True,False,False,True
374,True,True,False,False,False,False,False,False,False,False,True,False,True,False,True,False,False,True
375,True,False,False,False,False,False,False,False,False,False,True,False,False,False,True,False,False,True
376,False,False,False,True,False,False,False,False,False,True,False,False,False,False,True,False,False,True
377,True,False,False,False,False,False,False,False,True,False,False,False,True,False,True,False,False,True
378,True,False,False,False,False,False,False,False,False,True,False,False,True,False,True,False,False,True
379,True,False,False,False,False,False,False,False,False,True,False,False,False,False,True,False,False,True
380,False,False,False,True,False,False,False,False,False,True,False,False,False,False,True,False,False,True
381,True,False,False,False,False,False,False,False,False,False,True,False,False,False,True,False,False,False
382,True,False,False,False,False,False,False,False,True,False,False,False,False,False,True,False,False,True
383,False,False,False,True,False,False,False,False,True,False,False,False,False,False,True,False,False,True
384,True,False,False,False,False,False,False,False,True,False,False,False,False,False,True,False,False,True
385,True,False,False,False,False,False,False,False,True,False,False,False,False,False,True,False,False,True
386,True,False,False,False,False,False,False,False,True,False,False,False,False,False,True,False,False,False
387,False,True,False,False,False,False,False,False,False,True,False,False,False,False,True,False,False,False
388,True,False,False,False,False,True,False,True,False,False,False,False,False,False,True,False,False,False
389,True,False,False,False,False,True,False,False,False,False,True,False,False,False,True,False,False,False
390,True,True,False,False,False,False,False,False,False,False,True,False,True,False,True,False,False,True
391,True,False,True,False,False,False,False,False,True,False,False,False,False,False,True,False,False,False
392,True,False,False,False,False,False,False,False,True,False,False,False,False,False,True,False,False,False
393,True,False,False,False,False,False,False,False,False,True,False,False,False,False,True,False,False,False
394,True,False,False,False,False,False,False,True,False,False,False,False,False,False,True,False,False,True
395,True,False,False,False,False,False,False,False,False,False,False,True,False,False,True,False,False,True
396,False,False,False,True,False,False,False,True,False,False,False,False,False,False,True,False,False,True
397,True,False,False,False,False,False,False,False,False,False,True,False,False,False,True,False,False,True
398,True,False,False,False,False,False,False,False,True,False,False,False,True,False,True,False,False,True
399,False,False,True,False,False,False,False,False,False,False,True,False,True,False,True,False,False,False
400,False,True,False,False,False,False,False,False,True,False,False,False,False,False,True,False,False,True
401,True,False,False,False,False,False,False,False,False,False,True,False,False,False,True,False,False,True
402,False,False,False,True,False,True,False,False,False,False,True,False,False,False,True,False,False,True
403,False,False,False,True,False,False,False,False,True,False,False,False,True,False,True,False,False,True
404,True,False,False,False,False,False,False,False,True,False,False,False,True,False,True,False,False,False
405,True,False,False,False,False,True,False,False,True,False,False,False,False,False,True,False,False,False
406,True,False,False,False,False,False,False,False,True,False,False,False,False,False,True,False,False,False
407,True,True,False,False,False,False,False,False,False,False,True,False,False,False,True,False,False,False
408,False,False,True,False,False,False,True,False,False,False,True,False,False,False,True,False,False,False
409,False,False,True,False,False,False,False,False,False,True,False,False,False,False,True,False,False,False
410,True,False,False,False,False,False,False,False,False,True,False,False,False,False,True,False,False,False
411,True,False,True,False,False,False,False,False,False,False,True,False,False,False,True,False,False,False
412,False,False,True,False,False,False,False,False,True,False,False,False,False,False,True,False,False,False
413,False,True,False,False,False,False,False,False,True,False,False,False,False,False,True,False,False,False
414,False,False,False,True,False,False,False,False,False,False,True,False,False,False,True,False,False,False
415,False,True,False,False,False,False,False,False,False,False,False,True,False,False,True,False,False,True
416,False,False,False,True,False,False,False,False,False,True,False,False,False,False,True,False,False,False
417,False,False,True,False,False,False,False,False,False,False,True,False,False,False,True,False,False,False
418,True,False,False,False,False,False,False,False,False,True,False,False,False,False,True,False,False,True
419,True,False,False,False,False,False,False,False,False,False,True,False,False,False,True,False,False,True
420,False,False,True,False,False,False,False,True,False,False,False,False,False,False,True,False,False,True
421,True,False,False,False,False,False,False,True,False,False,False,False,False,False,True,False,False,True
422,True,False,False,True,False,False,False,False,False,False,True,False,False,False,True,False,False,True
423,False,True,False,False,False,False,False,False,False,True,False,False,False,False,True,False,False,True
424,False,False,False,True,False,True,False,False,False,False,True,False,False,False,True,False,False,True
425,False,False,False,True,False,False,False,False,True,False,False,False,False,False,True,False,False,True
426,True,False,False,False,False,False,False,True,False,False,False,False,True,False,True,False,False,True
427,True,False,False,False,False,False,False,False,True,False,False,False,False,False,True,False,False,True
428,False,False,False,False,True,False,False,False,False,True,False,False,False,False,True,False,False,True
429,False,False,False,False,False,False,False,False,False,True,False,False,False,False,True,False,False,True
430,True,False,False,False,False,False,False,False,True,False,False,False,True,False,True,False,False,True
431,True,False,True,False,False,False,False,False,False,True,False,False,True,False,True,False,False,True
432,True,False,False,False,False,False,False,False,False,True,False,False,False,False,True,False,False,True
433,False,False,True,False,False,False,False,False,True,False,False,False,False,False,True,False,False,False
434,False,False,False,True,False,False,False,False,False,True,False,False,True,False,True,False,False,True
435,True,False,False,False,False,False,False,False,True,False,False,False,True,False,True,False,False,True
436,True,False,False,False,False,False,False,False,True,False,False,False,False,False,True,False,False,True
437,True,False,False,False,False,False,False,False,True,False,False,False,False,False,True,False,False,True
438,False,False,False,False,True,False,False,False,False,False,True,False,False,False,True,False,False,True
439,False,False,False,True,False,False,False,False,False,True,False,False,True,False,True,False,False,True
440,True,False,False,False,False,False,False,False,False,True,False,False,False,False,True,False,False,False
441,False,False,True,False,False,False,False,False,False,False,False,True,False,False,True,False,False,False
442,False,False,True,False,False,False,True,False,True,False,False,False,False,False,False,True,False,False
443,True,False,False,False,False,False,False,False,False,False,True,False,False,False,False,True,False,True
444,True,False,False,False,False,False,False,False,False,False,True,False,False,False,False,True,False,True
445,True,False,False,False,False,False,False,False,False,True,False,False,False,False,False,True,False,True
446,True,False,False,False,False,False,False,False,True,False,False,False,False,False,False,True,False,True
447,True,False,False,False,False,False,False,True,False,False,False,False,False,False,False,True,False,True
448,True,False,False,False,False,False,False,False,True,False,False,False,False,False,False,True,False,True
449,True,False,False,False,False,False,False,False,True,False,False,False,False,False,False,True,False,True
450,False,False,False,False,False,True,False,False,False,True,False,False,False,False,False,True,False,False
451,False,False,False,True,False,False,True,False,False,True,False,False,False,False,False,True,False,True
452,True,False,False,False,False,False,False,True,False,False,False,False,False,False,False,True,False,True
453,True,False,False,False,False,False,False,False,False,False,True,False,False,False,False,True,False,False
454,True,False,False,False,False,False,False,False,False,True,False,False,False,False,False,True,False,True
455,False,False,False,False,True,False,False,False,True,False,False,False,False,False,False,True,False,False
456,False,False,False,False,True,False,False,False,True,False,False,False,False,False,False,True,False,True
457,True,False,False,False,False,False,False,False,False,True,False,False,False,False,False,True,False,True
458,True,False,False,False,False,False,False,False,False,True,False,False,False,False,False,True,False,True
459,True,False,False,False,False,False,False,False,False,False,True,False,False,False,False,True,False,True
460,True,False,False,False,False,False,False,False,True,False,False,False,False,False,False,True,False,True
461,True,False,False,False,False,False,False,False,False,False,True,False,True,False,False,True,False,True
462,False,False,True,False,False,False,False,False,False,False,True,False,False,False,False,True,False,False
463,True,False,False,False,False,False,False,False,False,True,False,False,False,False,False,True,False,True
464,False,True,False,False,False,False,False,False,False,True,False,False,False,False,False,True,False,False
465,True,False,False,False,False,False,False,False,False,True,False,False,False,False,False,True,False,True
466,True,False,False,False,False,False,False,False,False,True,False,False,False,False,False,True,False,True
467,True,False,False,False,False,False,False,False,True,False,False,False,False,False,False,True,False,True
468,False,False,True,False,False,False,True,True,False,False,False,False,False,False,False,True,False,False
469,True,False,False,False,False,False,False,False,True,False,False,False,False,False,False,True,False,True
470,True,False,False,False,False,False,False,True,False,False,False,False,False,False,False,True,False,False
471,True,False,False,False,False,False,False,False,False,True,False,False,False,False,False,True,False,True
472,False,False,False,True,False,False,False,False,True,False,False,False,True,False,False,True,False,False
473,True,False,False,False,False,False,False,False,True,False,False,False,False,False,False,True,False,True
474,False,False,False,False,False,False,False,True,False,False,False,False,False,False,False,True,False,True
475,False,False,True,True,False,False,True,True,False,False,False,False,False,False,False,True,False,False
476,True,False,False,False,False,False,False,False,False,True,False,False,False,False,False,True,False,False
477,False,True,True,False,False,False,False,False,False,False,True,False,False,False,False,True,False,False
478,True,False,False,False,False,False,False,True,False,False,False,False,False,False,False,True,False,True
479,False,False,False,True,False,False,False,False,False,True,False,False,False,False,False,True,False,False
480,False,False,False,True,False,False,False,True,False,False,False,False,False,False,False,True,False,True
481,True,False,False,False,False,False,False,True,False,False,False,False,False,False,False,True,False,True
482,True,False,False,False,False,False,False,True,False,False,False,False,False,False,False,True,False,True
483,False,False,False,True,False,False,False,False,False,False,True,False,False,False,False,True,False,True
484,False,False,False,False,False,False,False,False,True,False,False,False,False,False,False,True,False,True
485,True,False,False,True,False,False,False,False,False,True,False,False,False,False,False,True,False,False
486,False,False,False,True,False,False,False,True,False,False,False,False,False,False,False,True,False,False
487,False,False,False,True,False,False,False,False,False,True,False,False,False,False,False,True,False,True
488,True,False,False,False,False,False,False,False,True,False,False,False,False,False,False,True,False,False
489,False,False,False,False,False,True,False,False,False,False,False,True,False,False,False,True,False,False
490,False,True,False,False,False,False,False,False,False,True,False,False,False,False,False,True,False,False
491,True,False,False,False,False,False,False,False,False,True,False,False,True,False,False,True,False,True
492,True,False,False,False,False,False,False,False,False,True,False,False,True,False,False,True,False,True
493,True,False,False,False,False,False,False,False,True,False,False,False,True,False,False,True,False,True
494,True,False,False,False,False,False,False,False,False,False,True,False,False,False,False,True,False,True
495,True,False,False,False,False,False,False,False,False,False,True,False,False,False,False,True,False,True
496,True,False,False,False,False,False,True,False,False,False,True,False,True,False,False,True,False,False
497,True,False,False,False,False,False,False,False,False,False,True,False,False,False,False,True,False,True
498,False,True,True,False,False,False,False,False,True,False,False,False,False,False,False,True,False,False
499,False,True,False,False,False,False,False,False,False,False,True,False,False,False,False,True,False,False
500,False,False,False,False,False,True,False,False,False,True,False,False,False,False,False,True,False,False
501,False,False,False,False,False,True,False,False,True,False,False,False,False,False,False,True,False,False
502,True,False,False,False,False,False,False,False,True,False,False,False,False,False,False,True,False,True
503,False,False,True,False,False,False,True,False,False,False,True,False,False,False,False,True,False,True
504,True,False,False,False,False,False,False,True,False,False,False,False,True,False,False,True,False,False
505,False,False,False,True,False,False,False,False,False,True,False,False,False,False,False,True,False,True
506,True,False,True,False,False,False,False,False,False,False,True,False,False,False,False,True,False,True
507,True,False,False,False,False,False,False,False,False,True,False,False,False,False,False,True,False,True
508,True,False,False,False,False,False,False,False,True,False,False,False,True,False,False,True,False,True
509,True,False,False,False,False,False,False,False,True,False,False,False,False,False,False,True,False,True
510,False,True,False,False,False,False,False,False,True,False,False,False,False,False,False,True,False,False
511,True,False,False,False,False,False,False,False,True,False,False,False,True,False,False,True,False,False
512,True,False,False,False,False,False,False,False,True,False,False,False,False,False,False,True,False,False
513,True,False,False,False,False,False,False,False,False,True,False,False,False,False,False,True,False,False
514,False,False,False,True,False,False,False,False,False,False,True,False,False,False,False,True,False,False
515,False,False,False,True,False,False,False,False,False,False,True,False,False,False,False,True,False,False
516,True,False,False,False,False,False,False,False,True,False,False,False,False,False,False,True,False,False
517,True,False,False,False,False,False,False,False,True,False,False,False,False,False,False,True,False,False
518,False,False,False,True,False,False,False,False,False,True,False,False,True,False,False,True,False,False
519,False,True,True,False,False,False,False,False,True,False,False,False,True,False,False,True,False,False
520,False,False,False,True,False,False,False,False,False,True,False,False,False,False,False,True,False,False
521,False,False,False,True,False,False,False,False,False,True,False,False,False,False,False,True,False,False
522,True,False,False,False,False,False,False,False,True,False,False,False,False,False,False,True,False,False
523,False,False,False,True,False,False,False,False,True,False,False,False,False,False,False,True,False,False
524,True,False,False,False,False,False,False,False,False,False,True,False,False,False,False,True,False,False
525,True,False,False,False,False,False,False,True,False,False,False,False,False,False,False,True,False,False
526,False,True,True,False,False,False,False,False,False,True,False,False,False,False,False,True,False,False
527,False,False,False,True,False,False,False,False,False,False,True,False,False,False,False,True,False,False
528,False,True,False,False,False,False,False,False,False,False,True,False,False,False,False,True,False,False
529,True,False,False,False,False,False,False,False,True,False,False,False,False,False,False,True,False,False
530,False,False,True,False,False,False,False,False,True,False,False,False,False,False,False,True,False,False
531,True,False,False,False,False,False,False,False,False,False,False,True,False,False,False,True,False,False
532,True,False,False,False,False,False,False,False,False,False,True,False,False,False,False,True,False,False
533,False,True,False,False,False,False,False,False,False,False,True,False,False,False,False,True,False,False
534,False,False,False,True,False,False,False,False,False,False,True,False,False,False,False,True,False,False
535,False,False,False,True,False,False,False,False,False,True,False,False,False,False,False,True,False,False
536,False,False,True,False,False,False,True,False,True,False,False,False,False,False,False,True,False,False
537,True,False,False,False,False,False,False,False,True,False,False,False,False,False,False,True,False,False
538,False,False,False,False,True,False,False,False,False,True,False,False,False,False,False,True,False,False
539,True,False,False,False,False,False,False,True,False,False,False,False,False,False,False,True,False,False
540,True,False,False,False,False,False,False,False,False,True,False,False,False,False,False,True,False,False
541,False,False,False,False,True,False,False,False,True,False,False,False,False,False,False,True,False,False
542,True,False,False,False,False,False,False,False,True,False,False,False,False,False,False,True,False,False
543,True,True,False,False,False,False,False,False,True,False,False,False,True,False,False,True,False,False
544,True,False,False,False,False,False,False,False,True,False,False,False,False,False,False,True,False,False
545,True,False,True,False,False,False,False,False,False,True,False,False,True,False,False,True,False,False
546,False,False,False,False,False,True,False,False,False,True,False,False,False,False,False,True,False,False
547,False,False,False,False,True,False,False,False,False,False,True,False,False,False,False,True,False,False
548,True,False,False,False,False,False,False,False,True,False,False,False,False,False,False,True,False,False
549,True,False,False,False,False,False,False,False,False,False,True,False,False,False,False,True,False,False
550,False,False,False,False,False,False,False,False,False,False,False,True,False,False,False,True,False,True
551,False,False,False,False,False,False,False,False,False,False,False,True,False,False,False,True,False,True
552,False,False,False,False,False,False,False,False,False,False,False,True,True,False,False,True,False,True
553,True,False,False,False,False,False,False,False,False,False,True,False,True,False,False,False,True,True
554,False,False,True,False,False,False,False,False,True,False,False,False,False,False,False,False,True,True
555,True,False,False,False,False,False,False,True,False,False,False,False,False,False,False,False,True,False
556,False,False,True,False,False,False,False,False,False,True,False,False,True,False,False,False,True,True
557,True,False,False,False,False,False,False,False,False,True,False,False,False,False,False,False,True,True
558,True,False,False,False,False,False,False,False,True,False,False,False,False,False,False,False,True,True
559,True,False,False,False,False,False,False,False,False,True,False,False,False,False,False,False,True,True
560,True,False,False,False,False,False,False,False,True,False,False,False,False,False,False,False,True,True
561,True,False,False,False,False,False,False,False,True,False,False,False,False,False,False,False,True,True
562,False,False,False,False,False,True,False,False,False,False,False,True,False,False,False,False,True,False
563,True,False,False,False,False,False,False,False,True,False,False,False,False,False,False,False,True,True
564,False,False,False,False,True,False,False,False,False,True,False,False,False,False,False,False,True,True
565,True,False,False,False,False,False,True,False,True,False,False,False,False,False,False,False,True,False
566,False,False,False,True,False,False,False,False,False,True,False,False,False,False,False,False,True,True
567,False,True,False,False,False,False,False,False,False,False,True,False,False,False,False,False,True,True
568,False,True,False,False,False,False,False,False,True,False,False,False,True,False,False,False,True,False
569,False,False,True,False,False,False,True,False,True,False,False,False,False,False,False,False,True,True
570,True,False,False,False,False,False,False,False,False,True,False,False,False,False,False,False,True,True
571,False,False,False,False,False,True,False,False,False,True,False,False,False,False,False,False,True,True
572,False,False,True,False,False,False,False,False,False,False,True,False,True,False,False,False,True,True
573,False,True,False,False,False,False,False,False,False,False,True,False,True,False,False,False,True,True
574,False,True,False,False,False,False,False,False,True,False,False,False,False,False,False,False,True,True
575,True,False,False,False,False,False,False,False,False,True,False,False,True,False,False,False,True,True
576,True,False,False,False,False,False,False,False,True,False,False,False,True,False,False,False,True,False
577,False,False,True,False,False,False,False,False,False,False,True,False,False,False,False,False,True,False
578,True,False,False,False,False,False,False,True,False,False,False,False,False,False,False,False,True,True
579,False,True,False,False,False,False,False,False,False,False,True,False,False,False,False,False,True,False
580,False,False,False,False,False,True,True,False,False,False,True,False,False,False,False,False,True,False
581,True,False,False,False,False,False,False,False,False,False,False,True,True,False,False,False,True,True
582,False,False,False,False,False,True,False,True,False,False,False,False,True,False,False,False,True,True
583,True,False,False,False,False,False,False,False,True,False,False,False,False,False,False,False,True,True
584,False,True,False,False,False,False,False,False,False,False,True,False,True,False,False,False,True,False
585,False,False,False,True,False,False,False,False,True,False,False,False,False,False,False,False,True,False
586,False,True,False,False,False,False,False,False,False,False,True,False,False,False,False,False,True,False
588,False,False,False,False,False,False,False,False,False,True,False,False,False,False,False,False,True,True
589,False,False,False,False,False,False,False,False,False,False,True,False,False,False,False,False,True,True
590,False,False,False,False,False,False,False,False,False,True,False,False,False,False,False,False,True,True
591,False,False,False,False,False,False,False,False,False,True,False,False,False,False,False,False,True,True
592,False,False,False,False,False,False,False,False,False,False,True,False,False,False,False,False,True,True
593,False,False,False,False,False,False,False,True,False,False,False,False,False,False,False,False,True,True
594,False,False,False,False,False,False,False,False,False,True,False,False,False,False,False,False,True,True
595,False,False,False,False,False,False,False,False,False,True,False,False,False,False,False,False,True,True
596,False,False,False,False,False,False,False,False,False,False,True,False,False,False,False,False,True,True
597,False,False,False,False,False,False,False,False,False,False,True,False,False,False,False,False,True,True
598,False,False,False,False,False,False,False,False,False,False,True,False,False,False,False,False,True,True
599,False,False,False,True,False,False,False,False,False,True,False,False,False,False,False,False,True,True
600,False,False,False,False,True,False,False,False,False,False,True,False,False,False,False,False,True,True
601,False,True,False,False,False,False,False,False,False,False,True,False,False,False,False,False,True,True
602,False,False,False,True,False,False,False,False,False,True,False,False,False,False,False,False,True,False
603,False,False,False,True,False,False,False,True,False,False,False,False,False,False,False,False,True,True
604,False,False,False,True,False,False,False,False,True,False,False,False,True,False,False,False,True,True
605,True,False,False,False,False,False,False,True,False,False,False,False,False,False,False,False,True,True
606,False,False,True,False,False,False,False,False,False,True,False,False,False,False,False,False,True,True
607,True,False,False,False,False,False,False,False,True,False,False,False,True,False,False,False,True,True
608,True,False,False,False,False,False,False,False,False,True,False,False,True,False,False,False,True,True
609,True,False,False,False,False,True,False,False,False,False,True,False,False,False,False,False,True,False
610,True,False,False,False,False,False,False,True,False,False,False,False,False,False,False,False,True,False
611,True,False,False,False,False,False,False,False,False,True,False,False,False,False,False,False,True,False
612,True,False,False,False,False,True,False,False,True,False,False,False,False,False,False,False,True,False
614,True,False,False,False,False,False,False,False,False,True,False,False,False,False,False,False,True,True
615,True,False,False,False,False,False,False,False,False,False,True,False,False,False,False,False,True,True
616,True,False,False,False,False,False,False,False,False,False,True,False,False,False,False,False,True,True
617,True,False,False,False,False,False,False,False,False,True,False,False,False,False,False,False,True,True
618,True,False,False,False,False,False,False,False,False,True,False,False,False,False,False,False,True,True
619,False,False,False,True,False,False,False,False,False,False,True,False,False,False,False,False,True,False
621,False,False,False,True,False,False,False,False,False,True,False,False,False,False,False,False,True,False
622,False,True,False,False,False,False,False,False,False,True,False,False,False,False,False,False,True,False
623,False,False,False,True,False,False,False,False,True,False,False,False,False,False,False,False,True,True
624,False,False,False,True,True,False,False,False,True,False,False,False,False,False,False,False,True,True
625,True,False,False,False,False,True,False,False,False,False,False,True,True,False,False,False,True,False
626,False,False,False,False,False,False,False,True,False,False,False,False,False,False,False,False,True,True
627,False,False,False,False,False,False,False,True,False,False,False,False,False,False,False,False,True,True
628,False,False,False,False,False,True,False,False,False,False,False,True,False,False,False,False,True,False
629,True,False,False,False,False,False,False,False,False,False,True,False,True,False,False,False,True,True
631,True,False,False,False,False,False,False,True,False,False,False,False,False,False,False,False,True,False
632,False,False,False,False,False,True,False,False,True,False,False,False,False,False,False,False,True,True
633,False,False,False,False,False,False,False,False,False,False,True,False,False,False,False,False,True,True
634,False,True,True,False,False,False,False,False,True,False,False,False,False,False,False,False,True,False
635,True,False,False,False,False,False,False,False,True,False,False,False,False,False,False,False,True,True
636,False,False,False,False,False,True,False,False,False,False,False,True,False,False,False,False,True,True
637,True,False,False,False,False,False,False,False,False,True,False,False,False,False,False,False,True,True
638,False,False,False,True,False,False,False,False,True,False,False,False,False,False,False,False,True,True
639,True,False,False,False,False,False,False,False,True,False,False,False,False,False,False,False,True,False
640,False,True,False,False,False,False,False,False,False,False,True,False,False,False,False,False,True,False
641,True,False,False,False,False,False,False,False,True,False,False,False,False,False,False,False,True,False
642,False,False,False,True,False,False,True,False,False,True,False,False,False,False,False,False,True,False
643,False,True,False,False,False,False,False,False,False,False,False,True,True,False,False,False,True,False
644,False,False,False,False,True,False,False,False,True,False,False,False,False,False,False,False,True,True
645,True,False,False,False,False,False,False,False,True,False,False,False,False,False,False,False,True,False
646,False,False,True,False,False,False,False,False,False,True,False,False,False,False,False,False,True,False
647,False,False,False,True,False,False,False,False,False,True,False,False,False,False,False,False,True,True
649,True,False,False,False,False,False,False,False,True,False,False,False,True,False,False,False,True,False
650,True,False,False,False,False,False,False,True,False,False,False,False,True,False,False,False,True,False
651,False,True,False,False,False,False,False,False,False,False,True,False,False,False,False,False,True,False
652,True,False,False,False,False,False,False,False,True,False,False,False,True,False,False,False,True,True
653,False,True,False,False,False,False,False,False,True,False,False,False,False,False,False,False,True,False
654,False,False,True,False,False,False,True,False,False,True,False,False,False,False,False,False,True,True
655,True,False,False,False,False,False,False,True,False,False,False,False,False,False,False,False,True,True
657,True,False,False,False,False,False,False,False,True,False,False,False,False,False,False,False,True,True
658,True,False,False,False,False,False,False,False,True,False,False,False,False,False,False,False,True,True
659,False,False,False,False,True,False,False,False,True,False,False,False,False,False,False,False,True,True
660,False,False,False,True,False,False,False,False,False,False,True,False,False,False,False,False,True,True
661,True,False,False,False,False,False,False,False,False,True,False,False,True,False,False,False,True,True
663,True,False,False,False,False,False,False,False,False,True,False,False,False,False,False,False,True,True
664,False,False,False,False,False,True,False,False,False,False,False,True,False,False,False,False,True,True
665,False,False,True,False,False,False,True,False,False,True,False,False,True,False,False,False,True,False
667,False,False,False,False,False,True,False,False,True,False,False,False,False,False,False,False,True,False
668,False,False,False,False,False,False,False,True,False,False,False,False,False,False,False,False,True,True
669,False,False,False,False,False,True,False,False,False,False,True,False,False,False,False,False,True,True
670,False,False,False,True,False,False,False,False,False,True,False,False,False,False,False,False,True,False
671,True,False,False,False,False,False,False,False,True,False,False,False,False,False,False,False,True,False
672,False,False,True,False,False,False,False,True,False,False,False,False,False,False,False,False,True,False
673,False,False,False,False,False,False,False,False,False,True,False,False,False,False,False,False,True,False
674,False,False,False,False,False,True,False,False,True,False,False,False,False,False,False,False,True,False
675,True,False,False,False,False,True,False,False,True,False,False,False,False,False,False,False,True,False
676,True,False,False,False,False,False,False,False,True,False,False,False,False,False,False,False,True,False
677,True,False,False,False,False,True,False,False,True,False,False,False,False,False,False,False,True,False
678,True,False,False,False,False,False,False,False,False,False,False,True,False,False,False,False,True,False
679,False,False,True,False,False,False,False,False,False,True,False,False,True,False,False,False,True,False
680,True,False,False,False,False,False,False,False,False,True,False,False,True,False,False,False,True,False
681,True,False,False,False,False,False,False,True,False,False,False,False,False,False,False,False,True,False
682,True,False,False,False,False,False,False,False,False,False,True,False,False,False,False,False,True,False
683,True,False,False,False,False,False,False,False,False,True,False,False,False,False,False,False,True,False
684,False,False,True,False,False,False,False,False,False,True,False,False,False,False,False,False,True,False
685,False,True,False,False,False,False,False,False,True,False,False,False,False,False,False,False,True,False
686,False,True,False,False,False,False,False,False,True,False,False,False,False,False,False,False,True,False
687,True,False,False,False,False,False,False,False,False,True,False,False,False,False,False,False,True,False
688,False,False,False,False,False,True,False,False,False,True,False,False,False,False,False,False,True,False
689,False,False,False,False,False,True,False,False,False,False,False,True,False,False,False,False,True,False
690,True,False,False,False,False,False,False,False,False,False,True,False,False,False,False,False,True,False
691,False,True,False,False,False,True,False,False,False,False,False,True,True,False,False,False,True,False
692,False,False,True,False,False,False,True,False,True,False,False,False,False,False,False,False,True,False
693,True,False,False,False,False,False,False,False,False,True,False,False,True,False,False,False,True,False
694,False,False,True,False,False,False,True,False,False,False,True,False,False,False,False,False,True,False
695,True,False,True,False,False,False,False,False,False,True,False,False,False,False,False,False,True,False
696,False,True,False,False,False,False,False,False,False,False,True,False,True,False,False,False,True,False
697,False,False,False,False,False,True,True,False,True,False,False,False,False,False,False,False,True,False
698,False,False,True,False,False,False,False,False,False,False,False,True,True,False,False,False,True,False
699,False,False,True,False,False,False,False,False,False,True,False,False,False,False,False,False,True,False
700,False,False,False,False,False,True,False,False,False,False,True,False,False,False,False,False,True,False
701,False,False,False,False,False,True,False,False,False,True,False,False,False,False,False,False,True,False
702,False,False,True,False,False,False,True,False,True,False,False,False,False,False,False,False,True,False
703,True,False,False,False,False,True,False,False,True,False,False,False,False,False,False,False,True,False
704,False,False,True,False,False,False,False,False,True,False,False,False,False,False,False,False,True,False
705,False,False,True,False,False,False,False,False,True,False,False,False,False,False,False,False,True,False
706,False,False,True,False,False,False,False,False,False,False,True,False,False,False,False,False,True,False
707,False,False,False,False,True,False,False,False,True,False,False,False,False,False,False,False,True,True
708,False,False,False,False,True,False,False,False,False,False,True,False,False,False,False,False,True,True
709,True,False,False,False,False,False,False,False,True,False,False,False,False,False,False,False,True,False
710,True,False,False,False,False,False,False,False,False,False,True,False,False,False,False,False,True,False
711,False,False,False,False,False,True,True,False,False,False,False,True,False,False,False,False,True,False
712,False,False,True,False,False,False,False,False,False,False,True,False,True,False,False,False,True,False
713,True,False,False,False,False,False,False,False,False,False,True,False,False,False,False,False,True,False
716,False,False,False,True,False,True,False,False,False,False,True,False,False,False,False,False,True,False
717,True,False,False,False,False,True,False,False,False,True,False,False,True,False,False,False,True,False
719,False,False,False,True,False,True,False,False,True,False,False,False,False,False,False,False,True,False
720,True,False,False,False,False,False,False,False,False,True,False,False,False,False,False,False,True,False
721,False,False,False,False,False,True,False,True,False,False,False,False,False,False,False,False,True,False
722,True,False,False,False,False,False,False,False,False,True,False,False,False,False,False,False,True,False
723,True,False,False,False,False,True,False,False,False,False,False,True,False,False,False,False,True,False
724,True,False,False,False,False,False,False,False,False,True,False,False,False,False,False,False,True,False
725,True,False,False,False,False,False,False,True,False,False,False,False,True,False,False,False,True,False
726,True,False,False,False,False,False,False,False,True,False,False,False,False,False,False,False,True,False
727,True,False,False,False,False,False,False,False,True,False,False,False,False,False,False,False,True,False
728,True,False,True,False,False,False,False,False,False,False,True,False,False,False,False,False,True,False
729,True,False,False,False,False,False,False,False,True,False,False,False,False,False,False,False,True,False
730,False,False,False,False,True,False,False,False,False,False,True,False,False,False,False,False,True,True
731,False,False,False,False,True,False,False,False,False,True,False,False,False,False,False,False,True,True
732,False,False,False,False,False,False,False,False,False,False,True,False,True,False,False,False,True,True
